create database QLSuaXe
use QLSuaXe

CREATE TABLE TAIKHOAN(
	TaiKhoan nvarchar(50) not null,
	MatKhau nvarchar(50) not null
)
INSERT INTO TAIKHOAN (TaiKhoan, MatKhau) 
VALUES ('admin', '123')

SET ANSI_NULLS ON
GO
SET QUOTED_IDENTIFIER ON
GO
CREATE TABLE [dbo].[XEMAY](
	MaXe nvarchar(10) not null,
	TenXe nvarchar(20) not null,
	MaLoai nvarchar(10) not null,
	SoKhung nvarchar(10) not null,
	SoMay nvarchar(10) not null,
	BienSo nvarchar(10) not null,
	MaMau nvarchar(10) not null,
PRIMARY KEY CLUSTERED 
(
	[MaXe] ASC
)WITH (PAD_INDEX = OFF, STATISTICS_NORECOMPUTE = OFF, IGNORE_DUP_KEY = OFF, ALLOW_ROW_LOCKS = ON, ALLOW_PAGE_LOCKS = ON) ON [PRIMARY]
) ON [PRIMARY]
GO
SET ANSI_NULLS ON
GO
SET QUOTED_IDENTIFIER ON
GO
CREATE TABLE [dbo].[LOAIXE](
	MaLoai nvarchar(10) not null,
	TenLoai nvarchar(10)not null,
PRIMARY KEY CLUSTERED 
(
	[MaLoai] ASC
)WITH (PAD_INDEX = OFF, STATISTICS_NORECOMPUTE = OFF, IGNORE_DUP_KEY = OFF, ALLOW_ROW_LOCKS = ON, ALLOW_PAGE_LOCKS = ON) ON [PRIMARY]
) ON [PRIMARY]
GO
SET ANSI_NULLS ON
GO
SET QUOTED_IDENTIFIER ON
GO
CREATE TABLE [dbo].[YEUCAUSUACHUA](
	MaSuaChua nvarchar(10) not null,
	MaXe nvarchar(10) not null,
	MaKhachHang nvarchar(10) not null,
	NgaySua date not null,
	MaNguyenNhan nvarchar(10) null,
PRIMARY KEY CLUSTERED 
(
	MaSuaChua asc
)WITH (PAD_INDEX = OFF, STATISTICS_NORECOMPUTE = OFF, IGNORE_DUP_KEY = OFF, ALLOW_ROW_LOCKS = ON, ALLOW_PAGE_LOCKS = ON) ON [PRIMARY]
) ON [PRIMARY]
GO
SET ANSI_NULLS ON
GO
SET QUOTED_IDENTIFIER ON
GO
CREATE TABLE [dbo].[KHACHHANG](
	MaKhachHang nvarchar(10) not null,
	TenKhachHang nvarchar(20) not null,
	DiaChi nvarchar(20) null,
	SoDienThoai nvarchar(10) null,
PRIMARY KEY CLUSTERED 
(
	MaKhachHang asc
)WITH (PAD_INDEX = OFF, STATISTICS_NORECOMPUTE = OFF, IGNORE_DUP_KEY = OFF, ALLOW_ROW_LOCKS = ON, ALLOW_PAGE_LOCKS = ON) ON [PRIMARY]
) ON [PRIMARY]
GO

SET ANSI_NULLS ON
GO
SET QUOTED_IDENTIFIER ON
GO
CREATE TABLE [dbo].[NGUYENNHAN](
	MaNguyenNhan nvarchar(10) not null,
	TenNguyenNhan nvarchar(20) null,
PRIMARY KEY CLUSTERED 
(
	MaNguyenNhan asc
)WITH (PAD_INDEX = OFF, STATISTICS_NORECOMPUTE = OFF, IGNORE_DUP_KEY = OFF, ALLOW_ROW_LOCKS = ON, ALLOW_PAGE_LOCKS = ON) ON [PRIMARY]
) ON [PRIMARY]
GO
SET ANSI_NULLS ON
GO
SET QUOTED_IDENTIFIER ON
GO
CREATE TABLE [dbo].[HOADON_PHUTUNG](
	MaHoaDon nvarchar(10) not null,
	MaPhuTung nvarchar(10) not null,
	SoLuong int not null,
	ThanhTien money null,
PRIMARY KEY CLUSTERED 
(
	MaHoaDon asc,
	MaPhuTung asc
)WITH (PAD_INDEX = OFF, STATISTICS_NORECOMPUTE = OFF, IGNORE_DUP_KEY = OFF, ALLOW_ROW_LOCKS = ON, ALLOW_PAGE_LOCKS = ON) ON [PRIMARY]
) ON [PRIMARY]
GO
SET ANSI_NULLS ON
GO
SET QUOTED_IDENTIFIER ON
GO
CREATE TABLE [dbo].[HOADON](
	MaHoaDon nvarchar(10) not null,
	MaNhanVien nvarchar(10) not null,
	MaKhachHang nvarchar(10) not null,
	NgayIn date not null,
	MaGiaiPhap nvarchar(10) not null,
	TongTien money null,
PRIMARY KEY CLUSTERED 
(
	MaHoaDon asc
)WITH (PAD_INDEX = OFF, STATISTICS_NORECOMPUTE = OFF, IGNORE_DUP_KEY = OFF, ALLOW_ROW_LOCKS = ON, ALLOW_PAGE_LOCKS = ON) ON [PRIMARY]
) ON [PRIMARY]
GO
SET ANSI_NULLS ON
GO
SET QUOTED_IDENTIFIER ON
GO
CREATE TABLE [dbo].[GIAIPHAP](
	MaGiaiPhap nvarchar(10),
	TenGiaiPhap nvarchar(10),
PRIMARY KEY CLUSTERED 
(
	MaGiaiPhap asc
)WITH (PAD_INDEX = OFF, STATISTICS_NORECOMPUTE = OFF, IGNORE_DUP_KEY = OFF, ALLOW_ROW_LOCKS = ON, ALLOW_PAGE_LOCKS = ON) ON [PRIMARY]
) ON [PRIMARY]
GO
SET ANSI_NULLS ON
GO
SET QUOTED_IDENTIFIER ON
GO
CREATE TABLE [dbo].[PHUTUNG](
	MaPhuTung nvarchar(10) not null,
	TenPhuTung NVARCHAR(30),
	SoLuong int not null,
	DonGiaNhap money not null,
	DonGiaBan money not null,
PRIMARY KEY CLUSTERED 
(
	MaPhuTung asc
)WITH (PAD_INDEX = OFF, STATISTICS_NORECOMPUTE = OFF, IGNORE_DUP_KEY = OFF, ALLOW_ROW_LOCKS = ON, ALLOW_PAGE_LOCKS = ON) ON [PRIMARY]
) ON [PRIMARY]
GO
SET ANSI_NULLS ON
GO
SET QUOTED_IDENTIFIER ON
GO
CREATE TABLE [dbo].[CHITIETHDN](
	MaHDN nvarchar(10) not null,
	MaPhuTung nvarchar(10) not null,
	SoLuong int not null,
	DonGiaNhap money not null,
	ThanhTien money null,
PRIMARY KEY CLUSTERED 
(
	MaHDN asc,
	MaPhuTung asc
)WITH (PAD_INDEX = OFF, STATISTICS_NORECOMPUTE = OFF, IGNORE_DUP_KEY = OFF, ALLOW_ROW_LOCKS = ON, ALLOW_PAGE_LOCKS = ON) ON [PRIMARY]
) ON [PRIMARY]
GO
SET ANSI_NULLS ON
GO
SET QUOTED_IDENTIFIER ON
GO
CREATE TABLE [dbo].[HOADONNHAPPHUTUNG](
	MaHDN nvarchar(10) not null,
	NgayNhap date not null,
	MaNhanVien nvarchar(10) not null,
	TongTien money null,
PRIMARY KEY CLUSTERED 
(
	MaHDN asc
)WITH (PAD_INDEX = OFF, STATISTICS_NORECOMPUTE = OFF, IGNORE_DUP_KEY = OFF, ALLOW_ROW_LOCKS = ON, ALLOW_PAGE_LOCKS = ON) ON [PRIMARY]
) ON [PRIMARY]
GO
SET ANSI_NULLS ON
GO
SET QUOTED_IDENTIFIER ON
GO
CREATE TABLE [dbo].[NHANVIEN](
	MaNhanVien nvarchar(10) not null,
	TenNhanVien nvarchar(10) not null,
	MaTrinhDo nvarchar(10) not null,
	NgaySinh date not null,
PRIMARY KEY CLUSTERED 
(
	MaNhanVien asc
)WITH (PAD_INDEX = OFF, STATISTICS_NORECOMPUTE = OFF, IGNORE_DUP_KEY = OFF, ALLOW_ROW_LOCKS = ON, ALLOW_PAGE_LOCKS = ON) ON [PRIMARY]
) ON [PRIMARY]
GO
SET ANSI_NULLS ON
GO
SET QUOTED_IDENTIFIER ON
GO
CREATE TABLE [dbo].[TRINHDO](
	MaTrinhDo nvarchar(10) not null,
	TenTrinhDo nvarchar(10) not null,
PRIMARY KEY CLUSTERED 
(
	MaTrinhDo asc
)WITH (PAD_INDEX = OFF, STATISTICS_NORECOMPUTE = OFF, IGNORE_DUP_KEY = OFF, ALLOW_ROW_LOCKS = ON, ALLOW_PAGE_LOCKS = ON) ON [PRIMARY]
) ON [PRIMARY]
GO
ALTER TABLE [dbo].[XEMAY]  WITH CHECK ADD  CONSTRAINT [FK_1] FOREIGN KEY([MaLoai])
REFERENCES [dbo].[LOAIXE] ([MaLoai])
GO
ALTER TABLE [dbo].[YEUCAUSUACHUA]  WITH CHECK ADD  CONSTRAINT [FK_2] FOREIGN KEY([MaXe])
REFERENCES [dbo].[XEMAY] ([MaXe])
GO
ALTER TABLE [dbo].[YEUCAUSUACHUA]  WITH CHECK ADD  CONSTRAINT [FK_3] FOREIGN KEY([MaKhachHang])
REFERENCES [dbo].[KHACHHANG] ([MaKhachHang])
GO
ALTER TABLE [dbo].[HOADON]  WITH CHECK ADD  CONSTRAINT [FK_4] FOREIGN KEY([MaKhachHang])
REFERENCES [dbo].[KHACHHANG] ([MaKhachHang])
GO
ALTER TABLE [dbo].[HOADON_PHUTUNG]  WITH CHECK ADD  CONSTRAINT [FK_5] FOREIGN KEY([MaHoaDon])
REFERENCES [dbo].[HOADON] ([MaHoaDon])
GO
ALTER TABLE [dbo].[HOADON]  WITH CHECK ADD  CONSTRAINT [FK_6] FOREIGN KEY([MaGiaiPhap])
REFERENCES [dbo].[GIAIPHAP] ([MaGiaiPhap])
GO
ALTER TABLE [dbo].[HOADON_PHUTUNG]  WITH CHECK ADD  CONSTRAINT [FK_7] FOREIGN KEY([MaPhuTung])
REFERENCES [dbo].[PHUTUNG] ([MaPhuTung])
GO
ALTER TABLE [dbo].[CHITIETHDN]  WITH CHECK ADD  CONSTRAINT [FK_8] FOREIGN KEY([MaPhuTung])
REFERENCES [dbo].[PHUTUNG] ([MaPhuTung])
GO
ALTER TABLE [dbo].[CHITIETHDN]  WITH CHECK ADD  CONSTRAINT [FK_9] FOREIGN KEY([MaHDN])
REFERENCES [dbo].[HOADONNHAPPHUTUNG] ([MaHDN])
GO
ALTER TABLE [dbo].[HOADONNHAPPHUTUNG]  WITH CHECK ADD  CONSTRAINT [FK_10] FOREIGN KEY([MaNhanVien])
REFERENCES [dbo].[NHANVIEN] ([MaNhanVien])
GO
ALTER TABLE [dbo].[NHANVIEN]  WITH CHECK ADD  CONSTRAINT [FK_11] FOREIGN KEY([MaTrinhDo])
REFERENCES [dbo].[TRINHDO] ([MaTrinhDo])
GO
ALTER TABLE [dbo].[YEUCAUSUACHUA]  WITH CHECK ADD  CONSTRAINT [FK_12] FOREIGN KEY([MaNguyenNhan])
REFERENCES [dbo].[NGUYENNHAN] ([MaNguyenNhan])
GO
INSERT INTO LOAIXE (MaLoai, TenLoai) VALUES ('L01', 'Xe Số');
INSERT INTO LOAIXE (MaLoai, TenLoai) VALUES ('L02', 'Xe Ga');
insert into [dbo].[XEMAY] (MaXe,TenXe,MaLoai,SoKhung,SoMay,BienSo,MaMau)
values
('MX001', 'Wave', 'L01', 'KH123456', 'MN123456', '29B1-2345', 'BLACK'),
('MX002', 'Exciter', 'L02', 'KH123457', 'MN123457', '29B1-2346', 'RED'),
('MX003', 'Hayate', 'L01', 'KH123458', 'MN123458', '29B1-2347', 'BLUE'),
('MX004', 'SH', 'L02', 'KH123459', 'MN123459', '29B1-2348', 'WHITE'),
('MX005', 'NVX', 'L02', 'KH123450', 'MN123450', '29B1-2349', 'BLACK'),
('MX006', 'Ninja', 'L02', 'KH123451', 'MN123451', '29B1-2350', 'RED'),
('MX007', 'Galaxy', 'L01', 'KH123452', 'MN123452', '29B1-2351', 'BLUE'),
('MX008', 'GZ150', 'L01', 'KH123453', 'MN123453', '29B1-2352', 'WHITE'),
('MX009', 'CB150R', 'L02', 'KH123454', 'MN123454', '29B1-2353', 'BLACK'),
('MX010', 'FZ150', 'L02', 'KH123455', 'MN123455', '29B1-2354', 'RED'),
('MX011', 'CBR150', 'L01', 'KH123460', 'MN123460', '29B1-2355', 'BLUE'),
('MX012', 'TFX', 'L02', 'KH123461', 'MN123461', '29B1-2356', 'WHITE'),
('MX013', 'Shark', 'L01', 'KH123462', 'MN123462', '29B1-2357', 'BLACK'),
('MX014', 'Raider', 'L01', 'KH123463', 'MN123463', '29B1-2358', 'RED'),
('MX015', 'Lead', 'L01', 'KH123464', 'MN123464', '29B1-2359', 'BLUE'),
('MX016', 'Mio', 'L02', 'KH123465', 'MN123465', '29B1-2360', 'WHITE'),
('MX017', 'Dream', 'L01', 'KH123466', 'MN123466', '29B1-2361', 'BLACK'),
('MX018', 'Address', 'L01', 'KH123467', 'MN123467', '29B1-2362', 'RED'),
('MX019', 'XSR155', 'L02', 'KH123468', 'MN123468', '29B1-2363', 'BLUE'),
('MX020', 'CRF150', 'L01', 'KH123469', 'MN123469', '29B1-2364', 'WHITE'),
('MX021', 'Versys', 'L02', 'KH123470', 'MN123470', '29B1-2365', 'BLACK'),
('MX022', 'Attila', 'L01', 'KH123471', 'MN123471', '29B1-2366', 'RED'),
('MX023', 'V-Strom', 'L01', 'KH123472', 'MN123472', '29B1-2367', 'BLUE'),
('MX024', 'PCX', 'L02', 'KH123473', 'MN123473', '29B1-2368', 'WHITE'),
('MX025', 'NMAX', 'L02', 'KH123474', 'MN123474', '29B1-2369', 'BLACK'),
('MX026', 'Shark Mini', 'L01', 'KH123475', 'MN123475', '29B1-2370', 'RED'),
('MX027', 'GSX150', 'L01', 'KH123476', 'MN123476', '29B1-2371', 'BLUE'),
('MX028', 'SH Mode', 'L01', 'KH123477', 'MN123477', '29B1-2372', 'WHITE'),
('MX029', 'Lexi', 'L02', 'KH123478', 'MN123478', '29B1-2373', 'BLACK'),
('MX030', 'Elegant', 'L01', 'KH123479', 'MN123479', '29B1-2374', 'RED'),
('MX031', 'GSX-R150', 'L01', 'KH123480', 'MN123480', '29B1-2375', 'BLUE'),
('MX032', 'CB500', 'L02', 'KH123481', 'MN123481', '29B1-2376', 'WHITE'),
('MX033', 'MT-15', 'L02', 'KH123482', 'MN123482', '29B1-2377', 'BLACK'),
('MX034', 'Fiddle', 'L01', 'KH123483', 'MN123483', '29B1-2378', 'RED'),
('MX035', 'Intruder', 'L01', 'KH123484', 'MN123484', '29B1-2379', 'BLUE'),
('MX036', 'CB650', 'L02', 'KH123485', 'MN123485', '29B1-2380', 'WHITE'),
('MX037', 'FZ25', 'L02', 'KH123486', 'MN123486', '29B1-2381', 'BLACK'),
('MX038', 'Shark 125', 'L01', 'KH123487', 'MN123487', '29B1-2382', 'RED'),
('MX039', 'GSX-S750', 'L01', 'KH123488', 'MN123488', '29B1-2383', 'BLUE'),
('MX040', 'CBR1000', 'L02', 'KH123489', 'MN123489', '29B1-2384', 'WHITE'),
('MX041', 'YZF-R3', 'L02', 'KH123490', 'MN123490', '29B1-2385', 'BLACK'),
('MX042', 'Attila Elizabeth', 'L01', 'KH123491', 'MN123491', '29B1-2386', 'RED'),
('MX043', 'SV650', 'L01', 'KH123492', 'MN123492', '29B1-2387', 'BLUE'),
('MX044', 'CRF250', 'L01', 'KH123493', 'MN123493', '29B1-2388', 'WHITE'),
('MX045', 'WR155R', 'L02', 'KH123494', 'MN123494', '29B1-2389', 'BLACK'),
('MX046', 'Star', 'L01', 'KH123495', 'MN123495', '29B1-2390', 'RED'),
('MX047', 'DR-Z400', 'L01', 'KH123496', 'MN123496', '29B1-2391', 'BLUE'),
('MX048', 'MT-03', 'L02', 'KH123497', 'MN123497', '29B1-2392', 'WHITE'),
('MX049', 'Fiddle 200', 'L01', 'KH123498', 'MN123498', '29B1-2393', 'BLACK'),
('MX050', 'GSX-R1000', 'L01', 'KH123499', 'MN123499', '29B1-2394', 'RED'),
('MX051', 'CBF190', 'L02', 'KH123500', 'MN123500', '29B1-2395', 'BLUE'),
('MX052', 'WR250', 'L02', 'KH123501', 'MN123501', '29B1-2396', 'WHITE'),
('MX053', 'Fiddle', 'L01', 'KH123502', 'MN123502', '29B1-2397', 'BLACK'),
('MX054', 'Cub', 'L01', 'KH123503', 'MN123503', '29B1-2398', 'RED'),
('MX055', 'T150', 'L01', 'KH123504', 'MN123504', '29B1-2399', 'BLUE'),
('MX056', 'CBR250RR', 'L02', 'KH123505', 'MN123505', '29B1-2400', 'WHITE'),
('MX057', 'YZF-R15', 'L02', 'KH123506', 'MN123506', '29B1-2401', 'BLACK'),
('MX058', 'Allo', 'L01', 'KH123507', 'MN123507', '29B1-2402', 'RED'),
('MX059', 'GSX-S1000', 'L01', 'KH123508', 'MN123508', '29B1-2403', 'BLUE'),
('MX060', 'CRF150L', 'L01', 'KH123509', 'MN123509', '29B1-2404', 'WHITE'),
('MX061', 'XSR700', 'L02', 'KH123510', 'MN123510', '29B1-2405', 'BLACK'),
('MX062', 'MT-09', 'L02', 'KH123511', 'MN123511', '29B1-2406', 'RED'),
('MX063', 'Z900RS', 'L02', 'KH123512', 'MN123512', '29B1-2407', 'BLUE'),
('MX064', 'Ninja 400', 'L02', 'KH123513', 'MN123513', '29B1-2408', 'WHITE'),
('MX065', 'Cub 50', 'L01', 'KH123514', 'MN123514', '29B1-2409', 'BLACK'),
('MX066', 'TU250', 'L01', 'KH123515', 'MN123515', '29B1-2410', 'RED'),
('MX067', 'SP160', 'L01', 'KH123516', 'MN123516', '29B1-2411', 'BLUE'),
('MX068', 'KX450', 'L02', 'KH123517', 'MN123517', '29B1-2412', 'WHITE'),
('MX069', 'KX125', 'L02', 'KH123518', 'MN123518', '29B1-2413', 'BLACK'),
('MX070', 'Cub 50', 'L01', 'KH123519', 'MN123519', '29B1-2414', 'RED'),
('MX071', 'TU250', 'L01', 'KH123520', 'MN123520', '29B1-2415', 'BLUE'),
('MX072', 'SP160', 'L01', 'KH123521', 'MN123521', '29B1-2416', 'WHITE'),
('MX073', 'MT-09', 'L02', 'KH123522', 'MN123522', '29B1-2417', 'BLACK'),
('MX074', 'Z900RS', 'L02', 'KH123523', 'MN123523', '29B1-2418', 'RED'),
('MX075', 'Ninja 400', 'L02', 'KH123524', 'MN123524', '29B1-2419', 'BLUE'),
('MX076', 'Cub 50', 'L01', 'KH123525', 'MN123525', '29B1-2420', 'WHITE'),
('MX077', 'TU250', 'L01', 'KH123526', 'MN123526', '29B1-2421', 'BLACK'),
('MX078', 'SP160', 'L01', 'KH123527', 'MN123527', '29B1-2422', 'RED'),
('MX079', 'KX450', 'L02', 'KH123528', 'MN123528', '29B1-2423', 'BLUE'),
('MX080', 'KX125', 'L02', 'KH123529', 'MN123529', '29B1-2424', 'WHITE'),
('MX081', 'Cub 50', 'L01', 'KH123530', 'MN123530', '29B1-2425', 'BLACK'),
('MX082', 'TU250', 'L01', 'KH123531', 'MN123531', '29B1-2426', 'RED'),
('MX083', 'SP160', 'L01', 'KH123532', 'MN123532', '29B1-2427', 'BLUE'),
('MX084', 'MT-09', 'L02', 'KH123533', 'MN123533', '29B1-2428', 'WHITE'),
('MX085', 'Z900RS', 'L02', 'KH123534', 'MN123534', '29B1-2429', 'BLACK'),
('MX086', 'Ninja 400', 'L02', 'KH123535', 'MN123535', '29B1-2430', 'RED'),
('MX087', 'Cub 50', 'L01', 'KH123536', 'MN123536', '29B1-2431', 'BLUE'),
('MX088', 'TU250', 'L01', 'KH123537', 'MN123537', '29B1-2432', 'WHITE'),
('MX089', 'SP160', 'L01', 'KH123538', 'MN123538', '29B1-2433', 'BLACK'),
('MX090', 'KX450', 'L02', 'KH123539', 'MN123539', '29B1-2434', 'RED'),
('MX091', 'KX125', 'L02', 'KH123540', 'MN123540', '29B1-2435', 'BLUE'),
('MX092', 'Cub 50', 'L01', 'KH123541', 'MN123541', '29B1-2436', 'WHITE'),
('MX093', 'TU250', 'L01', 'KH123542', 'MN123542', '29B1-2437', 'BLACK'),
('MX094', 'SP160', 'L01', 'KH123543', 'MN123543', '29B1-2438', 'RED'),
('MX095', 'MT-09', 'L02', 'KH123544', 'MN123544', '29B1-2439', 'BLUE'),
('MX096', 'Z900RS', 'L02', 'KH123545', 'MN123545', '29B1-2440', 'WHITE'),
('MX097', 'Ninja 400', 'L02', 'KH123546', 'MN123546', '29B1-2441', 'BLACK'),
('MX098', 'Cub 50', 'L01', 'KH123547', 'MN123547', '29B1-2442', 'RED'),
('MX099', 'TU250', 'L01', 'KH123548', 'MN123548', '29B1-2443', 'BLUE'),
('MX100', 'SP160', 'L01', 'KH123549', 'MN123549', '29B1-2444', 'WHITE');
go
ALTER TABLE KHACHHANG
ALTER COLUMN TenKhachHang NVARCHAR(20);
ALTER TABLE KHACHHANG
ALTER COLUMN DiaChi NVARCHAR(30);
INSERT INTO KHACHHANG(MaKhachHang, TenKhachHang, DiaChi, SoDienThoai)
VALUES
('MK001', N'Nguyễn Văn Nam', N'Nam Định', '0912345678'),
('MK002', N'Nguyễn Thị Lan', N'Hà Nội', '0987654321'),
('MK003', N'Trần Văn Bình', N'Hồ Chí Minh', '0901234567'),
('MK004', N'Phạm Văn Hùng', N'Hải Phòng', '0923456789'),
('MK005', N'Hoàng Thị Mai', N'Đà Nẵng', '0911223344'),
('MK006', N'Bùi Minh Anh', N'Cần Thơ', '0988776655'),
('MK007', N'Vũ Văn Tuấn', N'Ninh Bình', '0911334455'),
('MK008', N'Phan Văn Khôi', N'Huế', '0977556677'),
('MK009', N'Lê Thị Hương', N'Hải Dương', '0903456789'),
('MK010', N'Đỗ Văn Quang', N'Hà Giang', '0944567890'),
('MK011', N'Nguyễn Văn Sơn', N'Bắc Ninh', '0911122233'),
('MK012', N'Nguyễn Thị Hồng', N'Hà Nam', '0922233344'),
('MK013', N'Trần Thị Lệ', N'Hà Tĩnh', '0933344455'),
('MK014', N'Phạm Minh Hương', N'Hưng Yên', '0944455566'),
('MK015', N'Nguyễn Thị Xuân', N'Lào Cai', '0955566677'),
('MK016', N'Lê Văn Phúc', N'Quảng Ninh', '0966677788'),
('MK017', N'Hoàng Minh Quân', N'Quảng Bình', '0977788899'),
('MK018', N'Nguyễn Văn Khánh', N'Hà Nội', '0988899900'),
('MK019', N'Vũ Thị Thu', N'Nghệ An', '0901122334'),
('MK020', N'Bùi Văn Hòa', N'Hà Tĩnh', '0912233445'),
('MK021', N'Phan Thị Vân', N'Thái Bình', '0923344556'),
('MK022', N'Nguyễn Thị Hoa', N'Bắc Giang', '0934455667'),
('MK023', N'Trần Thị Mai', N'Cao Bằng', '0945566778'),
('MK024', N'Hoàng Văn Lâm', N'Nam Định', '0956677889'),
('MK025', N'Phạm Văn Dũng', N'Hưng Yên', '0967788990'),
('MK026', N'Lê Thị Phương', N'Hà Nam', '0978899001'),
('MK027', N'Trần Văn Mạnh', N'Bắc Giang', '0989900112'),
('MK028', N'Nguyễn Thị Thanh', N'Lào Cai', '0900111223'),
('MK029', N'Bùi Thị Liên', N'Nghệ An', '0911222334'),
('MK030', N'Lê Văn Hiếu', N'Thái Bình', '0922333445'),
('MK031', N'Hoàng Minh Sơn', N'Nam Định', '0933444556'),
('MK032', N'Vũ Thị Thanh', N'Quảng Ninh', '0944555667'),
('MK033', N'Trần Văn Hưng', N'Quảng Bình', '0955666778'),
('MK034', N'Phạm Thị Hạnh', N'Quảng Trị', '0966777889'),
('MK035', N'Lê Thị Hòa', N'Ninh Bình', '0977888990'),
('MK036', N'Nguyễn Văn Hưng', N'Hà Nội', '0988999001'),
('MK037', N'Phạm Thị Lan', N'Nam Định', '0900000112'),
('MK038', N'Bùi Văn Hải', N'Hà Tĩnh', '0911111223'),
('MK039', N'Nguyễn Thị Dung', N'Bắc Ninh', '0922222334'),
('MK040', N'Trần Thị Xuân', N'Hà Giang', '0933333445'),
('MK041', N'Lê Thị Thu', N'Hải Phòng', '0944444556'),
('MK042', N'Phạm Văn Khang', N'Cần Thơ', '0955555667'),
('MK043', N'Hoàng Văn Minh', N'Quảng Nam', '0966666778'),
('MK044', N'Nguyễn Thị Tâm', N'Hà Nội', '0977777889'),
('MK045', N'Vũ Thị Lý', N'Hà Nam', '0988888990'),
('MK046', N'Bùi Thị Xuân', N'Nam Định', '0909999001'),
('MK047', N'Trần Văn Tiến', N'Nghệ An', '0910000112'),
('MK048', N'Lê Văn Lộc', N'Thái Bình', '0921111223'),
('MK049', N'Phạm Văn Phú', N'Nam Định', '0932222334'),
('MK050', N'Nguyễn Văn Hậu', N'Hải Phòng', '0943333445'),
('MK051', N'Bùi Minh Đức', N'Ninh Bình', '0954444556'),
('MK052', N'Trần Thị Lan', N'Hà Nội', '0965555667'),
('MK053', N'Phạm Văn Vượng', N'Nam Định', '0976666778'),
('MK054', N'Nguyễn Văn Cường', N'Hải Dương', '0987777889'),
('MK055', N'Vũ Thị Lệ', N'Bắc Ninh', '0908888990'),
('MK056', N'Trần Thị Quỳnh', N'Hà Nội', '0919999001'),
('MK057', N'Phan Văn Đạt', N'Nam Định', '0920000112'),
('MK058', N'Bùi Thị Tuyết', N'Thái Nguyên', '0931111223'),
('MK059', N'Nguyễn Văn Khôi', N'Bắc Giang', '0942222334'),
('MK060', N'Phạm Thị Minh', N'Hà Giang', '0953333445'),
('MK061', N'Lê Thị Tình', N'Nam Định', '0964444556'),
('MK062', N'Bùi Văn Hà', N'Hải Phòng', '0975555667'),
('MK063', N'Trần Thị Hải', N'Hà Nội', '0986666778'),
('MK064', N'Phạm Văn Huy', N'Nghệ An', '0907777889'),
('MK065', N'Nguyễn Thị Ngọc', N'Bắc Ninh', '0918888990'),
('MK066', N'Bùi Thị Hòa', N'Nam Định', '0929999001'),
('MK067', N'Trần Văn Thanh', N'Quảng Bình', '0930000112'),
('MK068', N'Lê Văn Phong', N'Hà Tĩnh', '0941111223'),
('MK069', N'Nguyễn Thị Cúc', N'Hải Dương', '0952222334'),
('MK070', N'Phạm Văn Phát', N'Hà Nam', '0963333445'),
('MK071', N'Lê Thị Hằng', N'Hải Phòng', '0974444556'),
('MK072', N'Bùi Minh Trí', N'Nam Định', '0985555667'),
('MK073', N'Nguyễn Thị Tuyết', N'Ninh Bình', '0906666778'),
('MK074', N'Trần Văn Bảo', N'Hà Nội', '0917777889'),
('MK075', N'Lê Văn Tiến', N'Hà Tĩnh', '0928888990'),
('MK076', N'Nguyễn Thị Thanh', N'Nghệ An', '0939999001'),
('MK077', N'Bùi Văn Khôi', N'Nam Định', '0940000112'),
('MK078', N'Trần Thị Kim', N'Bắc Ninh', '0951111223'),
('MK079', N'Lê Văn Bình', N'Hà Giang', '0962222334'),
('MK080', N'Nguyễn Văn Đạt', N'Hải Phòng', '0973333445'),
('MK081', N'Phạm Văn Thịnh', N'Nam Định', '0984444556'),
('MK082', N'Bùi Minh Quân', N'Hà Tĩnh', '0905555667'),
('MK083', N'Trần Thị Mai', N'Bắc Giang', '0916666778'),
('MK084', N'Nguyễn Văn Trung', N'Hà Nam', '0927777889'),
('MK085', N'Phạm Văn Hảo', N'Ninh Bình', '0938888990'),
('MK086', N'Vũ Văn Trường', N'Nam Định', '0949999001'),
('MK087', N'Bùi Thị Duyên', N'Thái Bình', '0950000112'),
('MK088', N'Lê Văn Đông', N'Nghệ An', '0961111223'),
('MK089', N'Nguyễn Văn Tùng', N'Bắc Giang', '0972222334'),
('MK090', N'Trần Văn Long', N'Nam Định', '0983333445'),
('MK091', N'Phạm Văn Kiên', N'Hà Nội', '0904444556'),
('MK092', N'Vũ Thị Thanh', N'Nghệ An', '0915555667'),
('MK093', N'Nguyễn Văn Nam', N'Nam Định', '0926666778'),
('MK094', N'Trần Văn Thành', N'Hà Giang', '0937777889'),
('MK095', N'Bùi Thị Hà', N'Ninh Bình', '0948888990'),
('MK096', N'Hoàng Văn Khánh', N'Quảng Bình', '0959999001'),
('MK097', N'Khải Văn', N'Bình Dương', '0960000112'),
('MK098', N'Lan Anh', N'Thái Nguyên', '0971111223'),
('MK099', N'Minh Quân', N'Hải Dương', '0982222334'),
('MK100', N'Ngọc Hân', N'Hà Tĩnh', '0903333445');
go
ALTER TABLE TRINHDO
ALTER COLUMN TenTrinhDo NVARCHAR(30);
INSERT INTO TRINHDO(MaTrinhDo, TenTrinhDo) VALUES ('TD01', N'thợ sửa');
INSERT INTO TRINHDO(MaTrinhDo, TenTrinhDo) VALUES ('TD02', N'quản lý');
INSERT INTO TRINHDO(MaTrinhDo, TenTrinhDo) VALUES ('TD03', N'kế toán');
UPDATE TRINHDO
SET TenTrinhDo = N'thợ sửa bậc 1'
WHERE MaTrinhDo = N'TD01';
UPDATE TRINHDO
SET TenTrinhDo = N'thợ sửa bậc 2'
WHERE MaTrinhDo = 'TD02';
UPDATE TRINHDO
SET TenTrinhDo = N'thợ sửa bậc 3'
WHERE MaTrinhDo = 'TD03';

ALTER TABLE NHANVIEN
ALTER COLUMN TenNhanVien NVARCHAR(30);
INSERT INTO NHANVIEN(MaNhanVien, TenNhanVien, MaTrinhDo, NgaySinh) VALUES
('MNV001', N'Nguyễn Văn Nam', 'TD01', '1985-01-15'),
('MNV002', N'Trần Thị Bích', 'TD02', '1990-02-20'),
('MNV003', N'Phạm Minh Tuấn', 'TD03', '1988-03-05'),
('MNV004', N'Lê Thị Hương', 'TD01', '1992-04-10'),
('MNV005', N'Nguyễn Văn An', 'TD02', '1983-05-25'),
('MNV006', N'Trần Văn Hoàng', 'TD03', '1987-06-30'),
('MNV007', N'Phạm Thị Mai', 'TD01', '1991-07-15'),
('MNV008', N'Lê Văn Duy', 'TD02', '1984-08-20'),
('MNV009', N'Nguyễn Thị Thanh', 'TD03', '1993-09-10'),
('MNV010', N'Trần Văn Bình', 'TD01', '1986-10-05'),
('MNV011', N'Phạm Văn Khải', 'TD02', '1989-11-25'),
('MNV012', N'Lê Thị Thắm', 'TD03', '1995-12-30'),
('MNV013', N'Nguyễn Văn Tài', 'TD01', '1982-01-22'),
('MNV014', N'Trần Thị Lan', 'TD02', '1994-02-18'),
('MNV015', N'Phạm Minh Đức', 'TD03', '1981-03-28'),
('MNV016', N'Lê Thị Ngọc', 'TD01', '1992-04-15'),
('MNV017', N'Nguyễn Văn Hải', 'TD02', '1987-05-12'),
('MNV018', N'Trần Thị Kim', 'TD03', '1990-06-20'),
('MNV019', N'Phạm Văn Sĩ', 'TD01', '1983-07-30'),
('MNV020', N'Lê Văn Thành', 'TD02', '1995-08-22'),
('MNV021', N'Nguyễn Thị Hồng', 'TD03', '1986-09-10'),
('MNV022', N'Trần Văn Cường', 'TD01', '1989-10-15'),
('MNV023', N'Phạm Thị Liên', 'TD02', '1994-11-05'),
('MNV024', N'Lê Văn Hưng', 'TD03', '1985-12-25'),
('MNV025', N'Nguyễn Văn Sơn', 'TD01', '1982-01-18'),
('MNV026', N'Trần Thị Băng', 'TD02', '1991-02-14'),
('MNV027', N'Phạm Minh Khoa', 'TD03', '1988-03-03'),
('MNV028', N'Lê Thị Như', 'TD01', '1990-04-21'),
('MNV029', N'Nguyễn Văn Long', 'TD02', '1984-05-12'),
('MNV030', N'Trần Thị Quỳnh', 'TD03', '1993-06-09'),
('MNV031', N'Phạm Văn Thái', 'TD01', '1987-07-27'),
('MNV032', N'Lê Văn Hoàng', 'TD02', '1992-08-18'),
('MNV033', N'Nguyễn Thị Mai', 'TD03', '1989-09-14'),
('MNV034', N'Trần Văn Tuyến', 'TD01', '1994-10-11'),
('MNV035', N'Phạm Thị Bảo', 'TD02', '1985-11-30'),
('MNV036', N'Lê Văn Lộc', 'TD03', '1991-12-22'),
('MNV037', N'Nguyễn Văn Phú', 'TD01', '1983-01-09'),
('MNV038', N'Trần Thị Duyên', 'TD02', '1990-02-17'),
('MNV039', N'Phạm Minh Châu', 'TD03', '1988-03-25'),
('MNV040', N'Lê Thị Hoa', 'TD01', '1992-04-20'),
('MNV041', N'Nguyễn Văn Nhân', 'TD02', '1986-05-30'),
('MNV042', N'Trần Thị Thúy', 'TD03', '1994-06-15'),
('MNV043', N'Phạm Văn Đạt', 'TD01', '1981-07-08'),
('MNV044', N'Lê Văn Quang', 'TD02', '1989-08-22'),
('MNV045', N'Nguyễn Thị Nguyệt', 'TD03', '1995-09-01'),
('MNV046', N'Trần Văn Định', 'TD01', '1984-10-25'),
('MNV047', N'Phạm Thị Cúc', 'TD02', '1990-11-18'),
('MNV048', N'Lê Văn Khánh', 'TD03', '1987-12-12'),
('MNV049', N'Nguyễn Văn Tình', 'TD01', '1993-01-30'),
('MNV050', N'Trần Thị Hiền', 'TD02', '1988-02-28');
go

--ALTER TABLE PHUTUNG
--ADD  TenPhuTung NVARCHAR(30);

INSERT INTO PHUTUNG(MaPhuTung, TenPhuTung, SoLuong ,DonGiaNhap,DonGiaBan) VALUES 
('MPT001', N'Bánh xe', 10, 10000.00, 15000.00),
('MPT002', N'Yên xe', 20, 20000.00, 25000.00),
('MPT003', N'Gương chiếu hậu', 15, 15000.00, 22000.00),
('MPT004', N'Đèn pha', 12, 12000.00, 18000.00),
('MPT005', N'Bộ phận phanh', 25, 25000.00, 30000.00),
('MPT006', N'Cổ xe', 18, 18000.00, 23000.00),
('MPT007', N'Chén cổ', 22, 22000.00, 27000.00),
('MPT008', N'Tay ga', 30, 30000.00, 35000.00),
('MPT009', N'Bánh răng', 9, 9000.00, 14000.00),
('MPT010', N'Dây điện', 11, 11000.00, 16000.00),
('MPT011', N'Phuộc sau', 14, 14000.00, 21000.00),
('MPT012', N'Cốp xe', 8, 8000.00, 13000.00),
('MPT013', N'Cụm đồng hồ', 7, 7000.00, 12000.00),
('MPT014', N'Bình xăng', 19, 19000.00, 24000.00),
('MPT015', N'Đèn xi nhan', 16, 16000.00, 22000.00),
('MPT016', N'Gác chân', 13, 13000.00, 20000.00),
('MPT017', N'Bộ ly hợp', 6, 6000.00, 11000.00),
('MPT018', N'Xích', 21, 21000.00, 26000.00),
('MPT019', N'Bộ điều khiển', 17, 17000.00, 21000.00),
('MPT020', N'Ống xả', 5, 5000.00, 10000.00),
('MPT021', N'Sên', 24, 24000.00, 29000.00),
('MPT022', N'Côn tay', 23, 23000.00, 28000.00),
('MPT023', N'Bộ khung xe', 27, 27000.00, 32000.00),
('MPT024', N'Lốp xe', 26, 26000.00, 31000.00),
('MPT025', N'Bọc yên', 29, 29000.00, 34000.00),
('MPT026', N'Tay thắng', 28, 28000.00, 33000.00),
('MPT027', N'Má phanh', 4, 4000.00, 9000.00),
('MPT028', N'Giò đạp', 3, 3000.00, 8000.00),
('MPT029', N'Bộ chế hòa khí', 2, 2000.00, 7000.00),
('MPT030', N'Cà vẹt', 1, 1000.00, 6000.00),
('MPT031', N'Tay lái', 0, 0.00, 5000.00),
('MPT032', N'Cần số', 32, 32000.00, 37000.00),
('MPT033', N'Động cơ', 33, 33000.00, 38000.00),
('MPT034', N'Bánh trước', 34, 34000.00, 39000.00),
('MPT035', N'Bảng điều khiển', 35, 35000.00, 40000.00),
('MPT036', N'Đèn hậu', 36, 36000.00, 41000.00),
('MPT037', N'Bộ giảm sóc', 37, 37000.00, 42000.00),
('MPT038', N'Bộ tản nhiệt', 38, 38000.00, 43000.00),
('MPT039', N'Dầu nhớt', 39, 39000.00, 44000.00),
('MPT040', N'Nắp bình xăng', 40, 40000.00, 45000.00),
('MPT041', N'Vỏ xe', 41, 41000.00, 46000.00),
('MPT042', N'Bánh răng truyền động', 42, 42000.00, 47000.00),
('MPT043', N'Cửa hút gió', 43, 43000.00, 48000.00),
('MPT044', N'Nắp máy', 44, 44000.00, 49000.00),
('MPT045', N'Bánh răng ly hợp', 45, 45000.00, 50000.00),
('MPT046', N'Vòng bi', 46, 46000.00, 51000.00),
('MPT047', N'Bô xe', 47, 47000.00, 52000.00),
('MPT048', N'Cần phanh', 48, 48000.00, 53000.00),
('MPT049', N'Bộ lọc gió', 49, 49000.00, 54000.00),
('MPT050', N'Bộ phận khởi động', 50, 50000.00, 55000.00),
('MPT051', N'Lọc nhớt', 51, 51000.00, 56000.00),
('MPT052', N'Bộ phận ga điện tử', 52, 52000.00, 57000.00),
('MPT053', N'Cầu chì', 53, 53000.00, 58000.00),
('MPT054', N'Cáp ga', 54, 54000.00, 59000.00),
('MPT055', N'Đầu đèn', 55, 55000.00, 60000.00),
('MPT056', N'Bộ kẹp phanh', 56, 56000.00, 61000.00),
('MPT057', N'Dây ga', 57, 57000.00, 62000.00),
('MPT058', N'Bảng điều khiển điện tử', 58, 58000.00, 63000.00),
('MPT059', N'Giá đỡ', 59, 59000.00, 64000.00),
('MPT060', N'Vòng đệm', 60, 60000.00, 65000.00),
('MPT061', N'Thân máy', 61, 61000.00, 66000.00),
('MPT062', N'Bình ắc quy', 62, 62000.00, 67000.00),
('MPT063', N'Đường ống xả', 63, 63000.00, 68000.00),
('MPT064', N'Chân chống', 64, 64000.00, 69000.00),
('MPT065', N'Phanh tay', 65, 65000.00, 70000.00),
('MPT066', N'Bộ phận lái', 66, 66000.00, 71000.00),
('MPT067', N'Nhiên liệu', 67, 67000.00, 72000.00),
('MPT068', N'Bộ lọc nhớt', 68, 68000.00, 73000.00),
('MPT069', N'Bộ cảm biến', 69, 69000.00, 74000.00),
('MPT070', N'Móc treo', 70, 70000.00, 75000.00),
('MPT071', N'Cảm biến tốc độ', 71, 71000.00, 76000.00),
('MPT072', N'Phần mềm ECU', 72, 72000.00, 77000.00);
go
INSERT INTO HOADONNHAPPHUTUNG(MaHDN,NgayNhap,MaNhanVien,TongTien) VALUES 
('HDN001', '2024-09-01', 'MNV001', NULL),
('HDN002', '2024-09-02', 'MNV002', NULL),
('HDN003', '2024-09-03', 'MNV003', NULL),
('HDN004', '2024-09-04', 'MNV004', NULL),
('HDN005', '2024-09-05', 'MNV005', NULL),
('HDN006', '2024-09-06', 'MNV006', NULL),
('HDN007', '2024-09-07', 'MNV007', NULL),
('HDN008', '2024-09-08', 'MNV008', NULL),
('HDN009', '2024-09-09', 'MNV009', NULL),
('HDN010', '2024-09-10', 'MNV010', NULL),
('HDN011', '2024-09-11', 'MNV011', NULL),
('HDN012', '2024-09-12', 'MNV012', NULL),
('HDN013', '2024-09-13', 'MNV013', NULL),
('HDN014', '2024-09-14', 'MNV014', NULL),
('HDN015', '2024-09-15', 'MNV015', NULL),
('HDN016', '2024-09-16', 'MNV016', NULL),
('HDN017', '2024-09-17', 'MNV017', NULL),
('HDN018', '2024-09-18', 'MNV018', NULL),
('HDN019', '2024-09-19', 'MNV019', NULL),
('HDN020', '2024-09-20', 'MNV020', NULL),
('HDN021', '2024-09-21', 'MNV021', NULL),
('HDN022', '2024-09-22', 'MNV022', NULL),
('HDN023', '2024-09-23', 'MNV023', NULL),
('HDN024', '2024-09-24', 'MNV024', NULL),
('HDN025', '2024-09-25', 'MNV025', NULL),
('HDN026', '2024-09-26', 'MNV026', NULL),
('HDN027', '2024-09-27', 'MNV027', NULL),
('HDN028', '2024-09-28', 'MNV028', NULL),
('HDN029', '2024-09-29', 'MNV029', NULL),
('HDN030', '2024-09-30', 'MNV030', NULL),
('HDN031', '2024-10-01', 'MNV031', NULL),
('HDN032', '2024-10-02', 'MNV032', NULL),
('HDN033', '2024-10-03', 'MNV033', NULL),
('HDN034', '2024-10-04', 'MNV034', NULL),
('HDN035', '2024-10-05', 'MNV035', NULL),
('HDN036', '2024-10-06', 'MNV036', NULL),
('HDN037', '2024-10-07', 'MNV037', NULL),
('HDN038', '2024-10-08', 'MNV038', NULL),
('HDN039', '2024-10-09', 'MNV039', NULL),
('HDN040', '2024-10-10', 'MNV040', NULL),
('HDN041', '2024-10-11', 'MNV041', NULL),
('HDN042', '2024-10-12', 'MNV042', NULL),
('HDN043', '2024-10-13', 'MNV043', NULL),
('HDN044', '2024-10-14', 'MNV044', NULL),
('HDN045', '2024-10-15', 'MNV045', NULL),
('HDN046', '2024-10-16', 'MNV046', NULL),
('HDN047', '2024-10-17', 'MNV047', NULL),
('HDN048', '2024-10-18', 'MNV048', NULL),
('HDN049', '2024-10-19', 'MNV049', NULL),
('HDN050', '2024-10-20', 'MNV050', NULL),
('HDN051', '2024-10-21', 'MNV001', NULL),
('HDN052', '2024-10-22', 'MNV002', NULL),
('HDN053', '2024-10-23', 'MNV003', NULL),
('HDN054', '2024-10-24', 'MNV004', NULL),
('HDN055', '2024-10-25', 'MNV005', NULL),
('HDN056', '2024-10-26', 'MNV006', NULL),
('HDN057', '2024-10-27', 'MNV007', NULL),
('HDN058', '2024-10-28', 'MNV008', NULL),
('HDN059', '2024-10-29', 'MNV009', NULL),
('HDN060', '2024-10-30', 'MNV010', NULL),
('HDN061', '2024-10-31', 'MNV011', NULL),
('HDN062', '2024-11-01', 'MNV012', NULL),
('HDN063', '2024-11-02', 'MNV013', NULL),
('HDN064', '2024-11-03', 'MNV014', NULL),
('HDN065', '2024-11-04', 'MNV015', NULL),
('HDN066', '2024-11-05', 'MNV016', NULL),
('HDN067', '2024-11-06', 'MNV017', NULL),
('HDN068', '2024-11-07', 'MNV018', NULL),
('HDN069', '2024-11-08', 'MNV019', NULL),
('HDN070', '2024-11-09', 'MNV020', NULL),
('HDN071', '2024-11-10', 'MNV021', NULL),
('HDN072', '2024-11-11', 'MNV022', NULL),
('HDN073', '2024-11-12', 'MNV023', NULL),
('HDN074', '2024-11-13', 'MNV024', NULL),
('HDN075', '2024-11-14', 'MNV025', NULL),
('HDN076', '2024-11-15', 'MNV026', NULL),
('HDN077', '2024-11-16', 'MNV027', NULL),
('HDN078', '2024-11-17', 'MNV028', NULL),
('HDN079', '2024-11-18', 'MNV029', NULL),
('HDN080', '2024-11-19', 'MNV030', NULL),
('HDN081', '2024-11-20', 'MNV031', NULL),
('HDN082', '2024-11-21', 'MNV032', NULL),
('HDN083', '2024-11-22', 'MNV033', NULL),
('HDN084', '2024-11-23', 'MNV034', NULL),
('HDN085', '2024-11-24', 'MNV035', NULL),
('HDN086', '2024-11-25', 'MNV036', NULL),
('HDN087', '2024-11-26', 'MNV037', NULL),
('HDN088', '2024-11-27', 'MNV038', NULL),
('HDN089', '2024-11-28', 'MNV039', NULL),
('HDN090', '2024-11-29', 'MNV040', NULL),
('HDN091', '2024-11-30', 'MNV041', NULL),
('HDN092', '2024-12-01', 'MNV042', NULL),
('HDN093', '2024-12-02', 'MNV043', NULL),
('HDN094', '2024-12-03', 'MNV044', NULL),
('HDN095', '2024-12-04', 'MNV045', NULL),
('HDN096', '2024-12-05', 'MNV046', NULL),
('HDN097', '2024-12-06', 'MNV047', NULL),
('HDN098', '2024-12-07', 'MNV048', NULL),
('HDN099', '2024-12-08', 'MNV049', NULL),
('HDN100', '2024-12-09', 'MNV050', NULL);
go
INSERT INTO CHITIETHDN(MaHDN,MaPhuTung, SoLuong,DonGiaNhap,ThanhTien) VALUES
('HDN001', 'MPT001', 7, 25000.00, NULL),
('HDN002', 'MPT002', 12, 73000.00, NULL),
('HDN003', 'MPT003', 9, 48000.00, NULL),
('HDN004', 'MPT004', 10, 69000.00, NULL),
('HDN005', 'MPT005', 11, 55000.00, NULL),
('HDN006', 'MPT006', 8, 42000.00, NULL),
('HDN007', 'MPT007', 6, 78000.00, NULL),
('HDN008', 'MPT008', 14, 15000.00, NULL),
('HDN009', 'MPT009', 9, 61000.00, NULL),
('HDN010', 'MPT010', 13, 85000.00, NULL),
('HDN011', 'MPT011', 5, 35000.00, NULL),
('HDN012', 'MPT012', 7, 58000.00, NULL),
('HDN013', 'MPT013', 12, 42000.00, NULL),
('HDN014', 'MPT014', 6, 93000.00, NULL),
('HDN015', 'MPT015', 15, 47000.00, NULL),
('HDN016', 'MPT016', 8, 78000.00, NULL),
('HDN017', 'MPT017', 10, 53000.00, NULL),
('HDN018', 'MPT018', 9, 62000.00, NULL),
('HDN019', 'MPT019', 11, 18000.00, NULL),
('HDN020', 'MPT020', 7, 99000.00, NULL),
('HDN021', 'MPT021', 6, 33000.00, NULL),
('HDN022', 'MPT022', 13, 73000.00, NULL),
('HDN023', 'MPT023', 10, 41000.00, NULL),
('HDN024', 'MPT024', 12, 57000.00, NULL),
('HDN025', 'MPT025', 5, 92000.00, NULL),
('HDN026', 'MPT026', 9, 13000.00, NULL),
('HDN027', 'MPT027', 11, 28000.00, NULL),
('HDN028', 'MPT028', 8, 46000.00, NULL),
('HDN029', 'MPT029', 6, 35000.00, NULL),
('HDN030', 'MPT030', 14, 70000.00, NULL),
('HDN031', 'MPT031', 12, 63000.00, NULL),
('HDN032', 'MPT032', 7, 29000.00, NULL),
('HDN033', 'MPT033', 10, 91000.00, NULL),
('HDN034', 'MPT034', 8, 52000.00, NULL),
('HDN035', 'MPT035', 6, 49000.00, NULL),
('HDN036', 'MPT036', 9, 73000.00, NULL),
('HDN037', 'MPT037', 11, 30000.00, NULL),
('HDN038', 'MPT038', 13, 83000.00, NULL),
('HDN039', 'MPT039', 7, 45000.00, NULL),
('HDN040', 'MPT040', 5, 14000.00, NULL),
('HDN041', 'MPT041', 15, 36000.00, NULL),
('HDN042', 'MPT042', 8, 99000.00, NULL),
('HDN043', 'MPT043', 10, 25000.00, NULL),
('HDN044', 'MPT044', 12, 76000.00, NULL),
('HDN045', 'MPT045', 9, 55000.00, NULL),
('HDN046', 'MPT046', 7, 83000.00, NULL),
('HDN047', 'MPT047', 6, 20000.00, NULL),
('HDN048', 'MPT048', 13, 68000.00, NULL),
('HDN049', 'MPT049', 14, 27000.00, NULL),
('HDN050', 'MPT050', 9, 61000.00, NULL),
('HDN051', 'MPT051', 8, 97000.00, NULL),
('HDN052', 'MPT052', 10, 45000.00, NULL),
('HDN053', 'MPT053', 5, 80000.00, NULL),
('HDN054', 'MPT054', 7, 67000.00, NULL),
('HDN055', 'MPT055', 11, 53000.00, NULL),
('HDN056', 'MPT056', 6, 91000.00, NULL),
('HDN057', 'MPT057', 15, 22000.00, NULL),
('HDN058', 'MPT058', 8, 47000.00, NULL),
('HDN059', 'MPT059', 12, 54000.00, NULL),
('HDN060', 'MPT060', 9, 32000.00, NULL),
('HDN061', 'MPT061', 5, 12000.00, NULL),
('HDN062', 'MPT062', 10, 76000.00, NULL),
('HDN063', 'MPT063', 7, 99000.00, NULL),
('HDN064', 'MPT064', 14, 15000.00, NULL),
('HDN065', 'MPT065', 6, 89000.00, NULL),
('HDN066', 'MPT066', 8, 61000.00, NULL),
('HDN067', 'MPT067', 13, 19000.00, NULL),
('HDN068', 'MPT068', 7, 67000.00, NULL),
('HDN069', 'MPT069', 11, 85000.00, NULL),
('HDN070', 'MPT070', 9, 43000.00, NULL),
('HDN071', 'MPT071', 12, 56000.00, NULL),
('HDN072', 'MPT072', 5, 71000.00, NULL),
('HDN073', 'MPT001', 6, 94000.00, NULL),
('HDN074', 'MPT002', 9, 45000.00, NULL),
('HDN075', 'MPT003', 11, 10000.00, NULL),
('HDN076', 'MPT004', 13, 31000.00, NULL),
('HDN077', 'MPT005', 7, 48000.00, NULL),
('HDN078', 'MPT006', 8, 78000.00, NULL),
('HDN079', 'MPT007', 12, 33000.00, NULL),
('HDN080', 'MPT008', 10, 56000.00, NULL),
('HDN081', 'MPT009', 5, 22000.00, NULL),
('HDN082', 'MPT010', 7, 65000.00, NULL),
('HDN083', 'MPT011', 14, 51000.00, NULL),
('HDN084', 'MPT012', 9, 30000.00, NULL),
('HDN085', 'MPT013', 6, 86000.00, NULL),
('HDN086', 'MPT014', 9, 61000.00, NULL),
('HDN087', 'MPT015', 12, 75000.00, NULL),
('HDN088', 'MPT016', 7, 45000.00, NULL),
('HDN089', 'MPT017', 11, 82000.00, NULL),
('HDN090', 'MPT018', 8, 57000.00, NULL),
('HDN091', 'MPT019', 6, 36000.00, NULL),
('HDN092', 'MPT020', 10, 92000.00, NULL),
('HDN093', 'MPT021', 14, 13000.00, NULL),
('HDN094', 'MPT022', 12, 98000.00, NULL),
('HDN095', 'MPT023', 5, 20000.00, NULL),
('HDN096', 'MPT024', 11, 39000.00, NULL),
('HDN097', 'MPT025', 7, 74000.00, NULL),
('HDN098', 'MPT026', 9, 18000.00, NULL),
('HDN099', 'MPT027', 10, 61000.00, NULL),
('HDN100', 'MPT028', 8, 97000.00, NULL),
('HDN001', 'MPT029', 12, 52000.00, NULL),
('HDN002', 'MPT030', 9, 29000.00, NULL),
('HDN003', 'MPT031', 7, 88000.00, NULL),
('HDN004', 'MPT032', 6, 48000.00, NULL),
('HDN005', 'MPT033', 10, 56000.00, NULL),
('HDN006', 'MPT034', 8, 33000.00, NULL),
('HDN007', 'MPT035', 15, 39000.00, NULL),
('HDN008', 'MPT036', 11, 70000.00, NULL),
('HDN009', 'MPT037', 12, 64000.00, NULL),
('HDN010', 'MPT038', 6, 18000.00, NULL),
('HDN011', 'MPT039', 9, 48000.00, NULL),
('HDN012', 'MPT040', 10, 97000.00, NULL),
('HDN013', 'MPT041', 13, 55000.00, NULL),
('HDN014', 'MPT042', 5, 76000.00, NULL),
('HDN015', 'MPT043', 8, 61000.00, NULL),
('HDN016', 'MPT044', 7, 89000.00, NULL),
('HDN017', 'MPT045', 12, 25000.00, NULL),
('HDN018', 'MPT046', 6, 78000.00, NULL),
('HDN019', 'MPT047', 10, 67000.00, NULL),
('HDN020', 'MPT048', 9, 47000.00, NULL),
('HDN021', 'MPT049', 14, 13000.00, NULL),
('HDN022', 'MPT050', 12, 55000.00, NULL),
('HDN023', 'MPT051', 5, 82000.00, NULL),
('HDN024', 'MPT052', 8, 43000.00, NULL),
('HDN025', 'MPT053', 7, 35000.00, NULL),
('HDN026', 'MPT054', 10, 54000.00, NULL),
('HDN027', 'MPT055', 12, 62000.00, NULL),
('HDN028', 'MPT056', 9, 80000.00, NULL),
('HDN029', 'MPT057', 6, 29000.00, NULL),
('HDN030', 'MPT058', 11, 77000.00, NULL),
('HDN031', 'MPT059', 8, 65000.00, NULL),
('HDN032', 'MPT060', 10, 13000.00, NULL),
('HDN033', 'MPT061', 5, 84000.00, NULL),
('HDN034', 'MPT062', 12, 16000.00, NULL),
('HDN035', 'MPT063', 14, 92000.00, NULL),
('HDN036', 'MPT064', 9, 46000.00, NULL),
('HDN037', 'MPT065', 11, 24000.00, NULL),
('HDN038', 'MPT066', 8, 67000.00, NULL),
('HDN039', 'MPT067', 10, 33000.00, NULL),
('HDN040', 'MPT068', 7, 99000.00, NULL),
('HDN041', 'MPT069', 12, 21000.00, NULL),
('HDN042', 'MPT070', 6, 54000.00, NULL),
('HDN043', 'MPT071', 10, 80000.00, NULL),
('HDN044', 'MPT072', 5, 39000.00, NULL),
('HDN045', 'MPT001', 9, 57000.00, NULL),
('HDN046', 'MPT002', 13, 64000.00, NULL),
('HDN047', 'MPT003', 8, 72000.00, NULL),
('HDN048', 'MPT004', 11, 15000.00, NULL),
('HDN049', 'MPT005', 10, 31000.00, NULL),
('HDN050', 'MPT006', 6, 94000.00, NULL),
('HDN051', 'MPT007', 9, 82000.00, NULL),
('HDN052', 'MPT008', 12, 13000.00, NULL),
('HDN053', 'MPT009', 7, 69000.00, NULL),
('HDN054', 'MPT010', 15, 52000.00, NULL),
('HDN055', 'MPT011', 9, 76000.00, NULL),
('HDN056', 'MPT012', 12, 83000.00, NULL),
('HDN057', 'MPT013', 8, 21000.00, NULL),
('HDN058', 'MPT014', 10, 39000.00, NULL),
('HDN059', 'MPT015', 5, 46000.00, NULL),
('HDN060', 'MPT016', 11, 94000.00, NULL),
('HDN061', 'MPT017', 6, 30000.00, NULL),
('HDN062', 'MPT018', 9, 61000.00, NULL),
('HDN063', 'MPT019', 8, 80000.00, NULL),
('HDN064', 'MPT020', 12, 57000.00, NULL),
('HDN065', 'MPT021', 7, 45000.00, NULL),
('HDN066', 'MPT022', 11, 97000.00, NULL),
('HDN067', 'MPT023', 10, 32000.00, NULL),
('HDN068', 'MPT024', 6, 68000.00, NULL),
('HDN069', 'MPT025', 9, 49000.00, NULL),
('HDN070', 'MPT026', 8, 73000.00, NULL),
('HDN071', 'MPT027', 12, 14000.00, NULL),
('HDN072', 'MPT028', 5, 82000.00, NULL),
('HDN073', 'MPT029', 9, 46000.00, NULL),
('HDN074', 'MPT030', 14, 18000.00, NULL),
('HDN075', 'MPT031', 11, 39000.00, NULL),
('HDN076', 'MPT032', 10, 54000.00, NULL),
('HDN077', 'MPT033', 6, 92000.00, NULL),
('HDN078', 'MPT034', 8, 25000.00, NULL),
('HDN079', 'MPT035', 12, 62000.00, NULL),
('HDN080', 'MPT036', 9, 39000.00, NULL),
('HDN081', 'MPT037', 14, 70000.00, NULL),
('HDN082', 'MPT038', 10, 87000.00, NULL),
('HDN083', 'MPT039', 5, 64000.00, NULL),
('HDN084', 'MPT040', 11, 31000.00, NULL),
('HDN085', 'MPT041', 8, 80000.00, NULL),
('HDN086', 'MPT042', 12, 12000.00, NULL),
('HDN087', 'MPT043', 6, 95000.00, NULL),
('HDN088', 'MPT044', 9, 45000.00, NULL),
('HDN089', 'MPT045', 10, 77000.00, NULL),
('HDN090', 'MPT046', 11, 63000.00, NULL),
('HDN091', 'MPT047', 5, 14000.00, NULL),
('HDN092', 'MPT048', 8, 29000.00, NULL),
('HDN093', 'MPT049', 7, 44000.00, NULL),
('HDN094', 'MPT050', 10, 85000.00, NULL),
('HDN095', 'MPT051', 9, 40000.00, NULL),
('HDN096', 'MPT052', 6, 72000.00, NULL),
('HDN097', 'MPT053', 12, 82000.00, NULL),
('HDN098', 'MPT054', 8, 69000.00, NULL),
('HDN099', 'MPT055', 10, 47000.00, NULL),
('HDN100', 'MPT056', 11, 35000.00, NULL);
go
alter table GIAIPHAP
alter column TenGiaiPhap nvarchar(50)
INSERT INTO GIAIPHAP(MaGiaiPhap, TenGiaiPhap) VALUES
('MGP001', N'Sửa chữa động cơ'),
('MGP002', N'Sửa chữa hệ thống điện'),
('MGP003', N'Sửa chữa phanh'),
('MGP004', N'Sửa chữa lốp xe'),
('MGP005', N'Sửa chữa hộp số'),
('MGP006', N'Sửa chữa hệ thống xăng'),
('MGP007', N'Sửa chữa ống xả'),
('MGP008', N'Sửa chữa hệ thống làm mát'),
('MGP009', N'Sửa chữa hệ thống treo'),
('MGP010', N'Sửa chữa khung xe'),
('MGP011', N'Sửa chữa hệ thống chiếu sáng'),
('MGP012', N'Sửa chữa bộ chế hòa khí'),
('MGP013', N'Sửa chữa ắc quy'),
('MGP014', N'Sửa chữa bình xăng con'),
('MGP015', N'Sửa chữa bộ truyền động'),
('MGP016', N'Sửa chữa hệ thống lái'),
('MGP017', N'Sửa chữa hệ thống đánh lửa'),
('MGP018', N'Sửa chữa bộ giảm sóc'),
('MGP019', N'Sửa chữa hệ thống van'),
('MGP020', N'Sửa chữa ống dẫn dầu'),
('MGP021', N'Sửa chữa hệ thống phun xăng điện tử'),
('MGP022', N'Sửa chữa cảm biến'),
('MGP023', N'Sửa chữa bộ ly hợp'),
('MGP024', N'Sửa chữa bầu lọc gió'),
('MGP025', N'Sửa chữa bộ phận khởi động'),
('MGP026', N'Sửa chữa hệ thống chống bó cứng phanh'),
('MGP027', N'Sửa chữa ống dẫn khí'),
('MGP028', N'Sửa chữa bộ phận điều chỉnh chiều cao'),
('MGP029', N'Sửa chữa hệ thống truyền lực'),
('MGP030', N'Sửa chữa lốp dự phòng'),
('MGP031', N'Sửa chữa hệ thống tay ga'),
('MGP032', N'Sửa chữa bộ phận giảm âm'),
('MGP033', N'Sửa chữa ống dẫn nước'),
('MGP034', N'Sửa chữa bộ phận nhún'),
('MGP035', N'Sửa chữa hệ thống điều hòa'),
('MGP036', N'Sửa chữa hệ thống chống rung'),
('MGP037', N'Sửa chữa hệ thống xả thải'),
('MGP038', N'Sửa chữa bộ phận tay lái'),
('MGP039', N'Sửa chữa khóa xe'),
('MGP040', N'Sửa chữa hệ thống điều chỉnh đèn pha'),
('MGP041', N'Sửa chữa đĩa phanh'),
('MGP042', N'Sửa chữa tấm chắn bùn'),
('MGP043', N'Sửa chữa đèn tín hiệu'),
('MGP044', N'Sửa chữa hệ thống cảm biến tốc độ'),
('MGP045', N'Sửa chữa lò xo'),
('MGP046', N'Sửa chữa ống dẫn nhiên liệu'),
('MGP047', N'Sửa chữa tay phanh'),
('MGP048', N'Sửa chữa bộ phận truyền động xích'),
('MGP049', N'Sửa chữa bệ đỡ động cơ'),
('MGP050', N'Sửa chữa bộ ly hợp tự động'),
('MGP051', N'Sửa chữa hệ thống hút gió'),
('MGP052', N'Sửa chữa hệ thống xả gió'),
('MGP053', N'Sửa chữa bộ lọc dầu'),
('MGP054', N'Sửa chữa bộ phận chống thấm nước'),
('MGP055', N'Sửa chữa bộ phận van điện từ'),
('MGP056', N'Sửa chữa bộ phận đầu bò'),
('MGP057', N'Sửa chữa hệ thống đánh lửa điện tử'),
('MGP058', N'Sửa chữa tay lái trợ lực'),
('MGP059', N'Sửa chữa thiết bị GPS'),
('MGP060', N'Sửa chữa hộp đèn');
go
INSERT INTO HOADON (MaHoaDon, MaNhanVien, MaKhachHang, NgayIn, MaGiaiPhap, TongTien) VALUES
('MHD002', 'MNV001', 'MK001', '2024-01-02', 'MGP001', NULL),
('MHD003', 'MNV002', 'MK002', '2024-01-03', 'MGP002', NULL),
('MHD004', 'MNV003', 'MK003', '2024-01-04', 'MGP003', NULL),
('MHD005', 'MNV004', 'MK004', '2024-01-05', 'MGP004', NULL),
('MHD006', 'MNV005', 'MK005', '2024-01-06', 'MGP005', NULL),
('MHD007', 'MNV006', 'MK006', '2024-01-07', 'MGP006', NULL),
('MHD008', 'MNV007', 'MK007', '2024-01-08', 'MGP007', NULL),
('MHD009', 'MNV008', 'MK008', '2024-01-09', 'MGP008', NULL),
('MHD010', 'MNV009', 'MK009', '2024-01-10', 'MGP009', NULL),
('MHD011', 'MNV010', 'MK010', '2024-01-11', 'MGP010', NULL),
('MHD012', 'MNV011', 'MK011', '2024-01-12', 'MGP011', NULL),
('MHD013', 'MNV012', 'MK012', '2024-01-13', 'MGP012', NULL),
('MHD014', 'MNV013', 'MK013', '2024-01-14', 'MGP013', NULL),
('MHD015', 'MNV014', 'MK014', '2024-01-15', 'MGP014', NULL),
('MHD016', 'MNV015', 'MK015', '2024-01-16', 'MGP015', NULL),
('MHD017', 'MNV016', 'MK016', '2024-01-17', 'MGP016', NULL),
('MHD018', 'MNV017', 'MK017', '2024-01-18', 'MGP017', NULL),
('MHD019', 'MNV018', 'MK018', '2024-01-19', 'MGP018', NULL),
('MHD020', 'MNV019', 'MK019', '2024-01-20', 'MGP019', NULL),
('MHD021', 'MNV020', 'MK020', '2024-01-21', 'MGP020', NULL),
('MHD022', 'MNV021', 'MK021', '2024-01-22', 'MGP021', NULL),
('MHD023', 'MNV022', 'MK022', '2024-01-23', 'MGP022', NULL),
('MHD024', 'MNV023', 'MK023', '2024-01-24', 'MGP023', NULL),
('MHD025', 'MNV024', 'MK024', '2024-01-25', 'MGP024', NULL),
('MHD026', 'MNV025', 'MK025', '2024-01-26', 'MGP025', NULL),
('MHD027', 'MNV026', 'MK026', '2024-01-27', 'MGP026', NULL),
('MHD028', 'MNV027', 'MK027', '2024-01-28', 'MGP027', NULL),
('MHD029', 'MNV028', 'MK028', '2024-01-29', 'MGP028', NULL),
('MHD030', 'MNV029', 'MK029', '2024-01-30', 'MGP029', NULL),
('MHD031', 'MNV030', 'MK030', '2024-01-31', 'MGP030', NULL),
('MHD032', 'MNV031', 'MK031', '2024-02-01', 'MGP031', NULL),
('MHD033', 'MNV032', 'MK032', '2024-02-02', 'MGP032', NULL),
('MHD034', 'MNV033', 'MK033', '2024-02-03', 'MGP033', NULL),
('MHD035', 'MNV034', 'MK034', '2024-02-04', 'MGP034', NULL),
('MHD036', 'MNV035', 'MK035', '2024-02-05', 'MGP035', NULL),
('MHD037', 'MNV036', 'MK036', '2024-02-06', 'MGP036', NULL),
('MHD038', 'MNV037', 'MK037', '2024-02-07', 'MGP037', NULL),
('MHD039', 'MNV038', 'MK038', '2024-02-08', 'MGP038', NULL),
('MHD040', 'MNV039', 'MK039', '2024-02-09', 'MGP039', NULL),
('MHD041', 'MNV040', 'MK040', '2024-02-10', 'MGP040', NULL),
('MHD042', 'MNV041', 'MK041', '2024-02-11', 'MGP041', NULL),
('MHD043', 'MNV042', 'MK042', '2024-02-12', 'MGP042', NULL),
('MHD044', 'MNV043', 'MK043', '2024-02-13', 'MGP043', NULL),
('MHD045', 'MNV044', 'MK044', '2024-02-14', 'MGP044', NULL),
('MHD046', 'MNV045', 'MK045', '2024-02-15', 'MGP045', NULL),
('MHD047', 'MNV046', 'MK046', '2024-02-16', 'MGP046', NULL),
('MHD048', 'MNV047', 'MK047', '2024-02-17', 'MGP047', NULL),
('MHD049', 'MNV048', 'MK048', '2024-02-18', 'MGP048', NULL),
('MHD050', 'MNV049', 'MK049', '2024-02-19', 'MGP049', NULL),
('MHD051', 'MNV050', 'MK050', '2024-02-20', 'MGP050', NULL),
('MHD052', 'MNV051', 'MK051', '2024-02-21', 'MGP051', NULL),
('MHD053', 'MNV052', 'MK052', '2024-02-22', 'MGP052', NULL),
('MHD054', 'MNV053', 'MK053', '2024-02-23', 'MGP053', NULL),
('MHD055', 'MNV054', 'MK054', '2024-02-24', 'MGP054', NULL),
('MHD056', 'MNV055', 'MK055', '2024-02-25', 'MGP055', NULL),
('MHD057', 'MNV056', 'MK056', '2024-02-26', 'MGP056', NULL),
('MHD058', 'MNV057', 'MK057', '2024-02-27', 'MGP057', NULL),
('MHD059', 'MNV058', 'MK058', '2024-02-28', 'MGP058', NULL),
('MHD060', 'MNV059', 'MK059', '2024-02-29', 'MGP059', NULL),
('MHD061', 'MNV060', 'MK060', '2024-03-01', 'MGP060', NULL),
('MHD063', 'MNV001', 'MK062', '2024-03-03', 'MGP001', NULL),
('MHD064', 'MNV002', 'MK063', '2024-03-04', 'MGP002', NULL),
('MHD065', 'MNV003', 'MK064', '2024-03-05', 'MGP003', NULL),
('MHD066', 'MNV004', 'MK065', '2024-03-06', 'MGP004', NULL),
('MHD067', 'MNV005', 'MK066', '2024-03-07', 'MGP005', NULL),
('MHD068', 'MNV006', 'MK067', '2024-03-08', 'MGP006', NULL),
('MHD069', 'MNV007', 'MK068', '2024-03-09', 'MGP007', NULL),
('MHD070', 'MNV008', 'MK069', '2024-03-10', 'MGP008', NULL),
('MHD071', 'MNV009', 'MK070', '2024-03-11', 'MGP009', NULL),
('MHD072', 'MNV010', 'MK071', '2024-03-12', 'MGP010', NULL),
('MHD073', 'MNV011', 'MK072', '2024-03-13', 'MGP011', NULL),
('MHD074', 'MNV012', 'MK073', '2024-03-14', 'MGP012', NULL),
('MHD075', 'MNV013', 'MK074', '2024-03-15', 'MGP013', NULL),
('MHD076', 'MNV014', 'MK075', '2024-03-16', 'MGP014', NULL),
('MHD077', 'MNV015', 'MK076', '2024-03-17', 'MGP015', NULL),
('MHD078', 'MNV016', 'MK077', '2024-03-18', 'MGP016', NULL),
('MHD079', 'MNV017', 'MK078', '2024-03-19', 'MGP017', NULL),
('MHD080', 'MNV018', 'MK079', '2024-03-20', 'MGP018', NULL),
('MHD081', 'MNV019', 'MK080', '2024-03-21', 'MGP019', NULL),
('MHD082', 'MNV020', 'MK081', '2024-03-22', 'MGP020', NULL),
('MHD083', 'MNV021', 'MK082', '2024-03-23', 'MGP021', NULL),
('MHD084', 'MNV022', 'MK083', '2024-03-24', 'MGP022', NULL),
('MHD085', 'MNV023', 'MK084', '2024-03-25', 'MGP023', NULL),
('MHD086', 'MNV024', 'MK085', '2024-03-26', 'MGP024', NULL),
('MHD087', 'MNV025', 'MK086', '2024-03-27', 'MGP025', NULL),
('MHD088', 'MNV026', 'MK087', '2024-03-28', 'MGP026', NULL),
('MHD089', 'MNV027', 'MK088', '2024-03-29', 'MGP027', NULL),
('MHD090', 'MNV028', 'MK089', '2024-03-30', 'MGP028', NULL),
('MHD091', 'MNV029', 'MK090', '2024-03-31', 'MGP029', NULL),
('MHD092', 'MNV030', 'MK091', '2024-04-01', 'MGP030', NULL),
('MHD093', 'MNV031', 'MK092', '2024-04-02', 'MGP031', NULL),
('MHD094', 'MNV032', 'MK093', '2024-04-03', 'MGP032', NULL),
('MHD095', 'MNV033', 'MK094', '2024-04-04', 'MGP033', NULL),
('MHD096', 'MNV034', 'MK095', '2024-04-05', 'MGP034', NULL),
('MHD097', 'MNV035', 'MK096', '2024-04-06', 'MGP035', NULL),
('MHD098', 'MNV036', 'MK097', '2024-04-07', 'MGP036', NULL),
('MHD099', 'MNV037', 'MK098', '2024-04-08', 'MGP037', NULL),
('MHD100', 'MNV038', 'MK099', '2024-04-09', 'MGP038', NULL),
('MHD101', 'MNV039', 'MK100', '2024-04-10', 'MGP039', NULL);
go
INSERT INTO HOADON_PHUTUNG(MaHoaDon, MaPhuTung, SoLuong, ThanhTien) VALUES
('MHD002', 'MPT001', 10, NULL),
('MHD003', 'MPT002', 20, NULL),
('MHD004', 'MPT003', 15, NULL),
('MHD005', 'MPT004', 30, NULL),
('MHD006', 'MPT005', 5, NULL),
('MHD007', 'MPT006', 25, NULL),
('MHD008', 'MPT007', 40, NULL),
('MHD009', 'MPT008', 12, NULL),
('MHD010', 'MPT009', 18, NULL),
('MHD011', 'MPT010', 8, NULL),
('MHD012', 'MPT011', 3, NULL),
('MHD013', 'MPT012', 7, NULL),
('MHD014', 'MPT013', 14, NULL),
('MHD015', 'MPT014', 22, NULL),
('MHD016', 'MPT015', 9, NULL),
('MHD017', 'MPT016', 11, NULL),
('MHD018', 'MPT017', 16, NULL),
('MHD019', 'MPT018', 28, NULL),
('MHD020', 'MPT019', 6, NULL),
('MHD021', 'MPT020', 19, NULL),
('MHD022', 'MPT021', 4, NULL),
('MHD023', 'MPT022', 13, NULL),
('MHD024', 'MPT023', 26, NULL),
('MHD025', 'MPT024', 33, NULL),
('MHD026', 'MPT025', 24, NULL),
('MHD027', 'MPT026', 17, NULL),
('MHD028', 'MPT027', 21, NULL),
('MHD029', 'MPT028', 34, NULL),
('MHD030', 'MPT029', 23, NULL),
('MHD031', 'MPT030', 10, NULL),
('MHD032', 'MPT031', 15, NULL),
('MHD033', 'MPT032', 28, NULL),
('MHD034', 'MPT033', 19, NULL),
('MHD035', 'MPT034', 7, NULL),
('MHD036', 'MPT035', 14, NULL),
('MHD037', 'MPT036', 3, NULL),
('MHD038', 'MPT037', 25, NULL),
('MHD039', 'MPT038', 6, NULL),
('MHD040', 'MPT039', 11, NULL),
('MHD041', 'MPT040', 8, NULL),
('MHD042', 'MPT041', 20, NULL),
('MHD043', 'MPT042', 12, NULL),
('MHD044', 'MPT043', 4, NULL),
('MHD045', 'MPT044', 9, NULL),
('MHD046', 'MPT045', 30, NULL),
('MHD047', 'MPT046', 22, NULL),
('MHD048', 'MPT047', 5, NULL),
('MHD049', 'MPT048', 35, NULL),
('MHD050', 'MPT049', 18, NULL),
('MHD051', 'MPT050', 13, NULL),
('MHD052', 'MPT051', 16, NULL),
('MHD053', 'MPT052', 27, NULL),
('MHD054', 'MPT053', 14, NULL),
('MHD055', 'MPT054', 24, NULL),
('MHD056', 'MPT055', 31, NULL),
('MHD057', 'MPT056', 29, NULL),
('MHD058', 'MPT057', 36, NULL),
('MHD059', 'MPT058', 37, NULL),
('MHD060', 'MPT059', 32, NULL),
('MHD061', 'MPT060', 26, NULL),
('MHD063', 'MPT062', 23, NULL),
('MHD064', 'MPT063', 40, NULL),
('MHD065', 'MPT064', 15, NULL),
('MHD066', 'MPT065', 22, NULL),
('MHD067', 'MPT066', 8, NULL),
('MHD068', 'MPT067', 5, NULL),
('MHD069', 'MPT068', 30, NULL),
('MHD070', 'MPT069', 9, NULL),
('MHD071', 'MPT070', 12, NULL),
('MHD072', 'MPT071', 11, NULL),
('MHD073', 'MPT001', 15, NULL),
('MHD074', 'MPT002', 20, NULL),
('MHD075', 'MPT003', 10, NULL),
('MHD076', 'MPT004', 30, NULL),
('MHD077', 'MPT005', 25, NULL),
('MHD078', 'MPT006', 4, NULL),
('MHD079', 'MPT007', 18, NULL),
('MHD080', 'MPT008', 12, NULL),
('MHD081', 'MPT009', 40, NULL),
('MHD082', 'MPT010', 11, NULL),
('MHD083', 'MPT011', 22, NULL),
('MHD084', 'MPT012', 8, NULL),
('MHD085', 'MPT013', 15, NULL),
('MHD086', 'MPT014', 9, NULL),
('MHD087', 'MPT015', 25, NULL),
('MHD088', 'MPT016', 14, NULL),
('MHD089', 'MPT017', 6, NULL),
('MHD090', 'MPT018', 30, NULL),
('MHD091', 'MPT019', 19, NULL),
('MHD092', 'MPT020', 5, NULL),
('MHD093', 'MPT021', 20, NULL),
('MHD094', 'MPT022', 10, NULL),
('MHD095', 'MPT023', 25, NULL),
('MHD096', 'MPT024', 28, NULL),
('MHD097', 'MPT025', 15, NULL),
('MHD098', 'MPT026', 12, NULL),
('MHD099', 'MPT027', 18, NULL),
('MHD100', 'MPT028', 33, NULL),
('MHD101', 'MPT029', 21, NULL);
go
alter table NGUYENNHAN
alter column TenNguyenNhan nvarchar(50)
INSERT INTO NGUYENNHAN (MaNguyenNhan, TenNguyenNhan) VALUES
('MGN001', N'Không khởi động được máy'),
('MGN002', N'Chảy dầu động cơ'),
('MGN003', N'Hỏng hệ thống điện'),
('MGN004', N'Thay dầu động cơ không đúng thời gian'),
('MGN005', N'Hỏng bugi'),
('MGN006', N'Thất thoát nhiên liệu'),
('MGN007', N'Hỏng ắc quy'),
('MGN008', N'Hỏng hệ thống phanh'),
('MGN009', N'Trục trặc hệ thống truyền động'),
('MGN010', N'Chập mạch điện'),
('MGN011', N'Hỏng xích tải'),
('MGN012', N'Hỏng vòng bi'),
('MGN013', N'Hỏng hệ thống làm mát'),
('MGN014', N'Rò rỉ xăng'),
('MGN015', N'Vỡ lốc máy'),
('MGN016', N'Hỏng van xả'),
('MGN017', N'Hỏng hộp số'),
('MGN018', N'Rò rỉ dầu'),
('MGN019', N'Hỏng dây đai'),
('MGN020', N'Hỏng đèn pha'),
('MGN021', N'Không kiểm tra áp suất lốp'),
('MGN022', N'Hỏng lốp xe'),
('MGN023', N'Hỏng trục khuỷu'),
('MGN024', N'Hỏng ly hợp'),
('MGN025', N'Hỏng bộ phận phun xăng'),
('MGN026', N'Hỏng hộp điều khiển điện tử'),
('MGN027', N'Hỏng cảm biến'),
('MGN028', N'Hỏng cầu chì'),
('MGN029', N'Hỏng khớp nối'),
('MGN030', N'Hỏng lò xo'),
('MGN031', N'Hỏng ống xả'),
('MGN032', N'Hỏng máy phát điện'),
('MGN033', N'Hỏng quạt tản nhiệt'),
('MGN034', N'Hỏng hệ thống ống dẫn nhiên liệu'),
('MGN035', N'Hỏng hệ thống treo'),
('MGN036', N'Hỏng bơm nhiên liệu'),
('MGN037', N'Hỏng bộ điều khiển động cơ'),
('MGN038', N'Hỏng bầu lọc xăng'),
('MGN039', N'Hỏng bầu lọc dầu'),
('MGN040', N'Hỏng dây cáp'),
('MGN041', N'Hỏng trục phanh'),
('MGN042', N'Hỏng tấm phanh'),
('MGN043', N'Hỏng mặt bích'),
('MGN044', N'Hỏng máy nén khí'),
('MGN045', N'Hỏng hệ thống đánh lửa'),
('MGN046', N'Hỏng đĩa phanh'),
('MGN047', N'Hỏng ống dẫn dầu'),
('MGN048', N'Hỏng tay ga'),
('MGN049', N'Hỏng bộ tản nhiệt'),
('MGN050', N'Hỏng bầu lọc khí'),
('MGN051', N'Hỏng ống dẫn khí'),
('MGN052', N'Hỏng hệ thống xử lý khí thải'),
('MGN053', N'Hỏng bơm nước'),
('MGN054', N'Hỏng chân ga'),
('MGN055', N'Hỏng phao xăng'),
('MGN056', N'Hỏng cảm biến nhiệt độ'),
('MGN057', N'Hỏng đèn tín hiệu'),
('MGN058', N'Hỏng côn xe'),
('MGN059', N'Hỏng bộ chế hòa khí'),
('MGN060', N'Hỏng tay lái'),
('MGN061', N'Hỏng bộ truyền động'),
('MGN062', N'Hỏng hệ thống dẫn hướng'),
('MGN063', N'Hỏng cáp điều khiển'),
('MGN064', N'Hỏng lò xo giảm xóc'),
('MGN065', N'Hỏng tấm chắn bùn'),
('MGN066', N'Hỏng cản xe'),
('MGN067', N'Hỏng bầu lọc dầu nhớt'),
('MGN068', N'Hỏng bộ định thời'),
('MGN069', N'Hỏng bộ điều khiển tốc độ'),
('MGN070', N'Hỏng hệ thống bôi trơn'),
('MGN071', N'Hỏng cầu dẫn'),
('MGN072', N'Hỏng hệ thống điện tử'),
('MGN073', N'Hỏng van nhiên liệu'),
('MGN074', N'Hỏng ống xả'),
('MGN075', N'Hỏng khung xe'),
('MGN076', N'Hỏng mâm xe'),
('MGN077', N'Hỏng bộ cảm biến áp suất'),
('MGN078', N'Hỏng bầu lọc xăng'),
('MGN079', N'Hỏng mạch điều khiển'),
('MGN080', N'Hỏng bộ phận điều chỉnh nhiên liệu'),
('MGN081', N'Hỏng bộ phận kiểm soát khí thải'),
('MGN082', N'Hỏng dây curoa'),
('MGN083', N'Hỏng cảm biến tốc độ'),
('MGN084', N'Hỏng cảm biến vị trí'),
('MGN085', N'Hỏng mạch điện điều khiển'),
('MGN086', N'Hỏng ống dẫn nước'),
('MGN087', N'Hỏng miếng đệm'),
('MGN088', N'Hỏng khớp ly hợp'),
('MGN089', N'Hỏng bộ cảm biến vị trí côn'),
('MGN090', N'Hỏng đai ốc'),
('MGN091', N'Hỏng bộ tản nhiệt dầu'),
('MGN092', N'Hỏng hệ thống phun xăng điện tử'),
('MGN093', N'Hỏng cảm biến áp suất dầu'),
('MGN094', N'Hỏng ổ bi'),
('MGN095', N'Hỏng bộ phận khởi động'),
('MGN096', N'Hỏng bộ lọc không khí'),
('MGN097', N'Hỏng bộ điều chỉnh áp suất'),
('MGN098', N'Hỏng mô tơ điện'),
('MGN099', N'Hỏng bộ phận mở khóa');
go
INSERT INTO YEUCAUSUACHUA (MaSuaChua, MaXe, MaKhachHang, NgaySua, MaNguyenNhan) VALUES
('MSC001', 'MX001', 'MK001', '2024-01-01', 'MGN001'),
('MSC002', 'MX002', 'MK002', '2024-01-02', 'MGN002'),
('MSC003', 'MX003', 'MK003', '2024-01-03', 'MGN003'),
('MSC004', 'MX004', 'MK004', '2024-01-04', 'MGN004'),
('MSC005', 'MX005', 'MK005', '2024-01-05', 'MGN005'),
('MSC006', 'MX006', 'MK006', '2024-01-06', 'MGN006'),
('MSC007', 'MX007', 'MK007', '2024-01-07', 'MGN007'),
('MSC008', 'MX008', 'MK008', '2024-01-08', 'MGN008'),
('MSC009', 'MX009', 'MK009', '2024-01-09', 'MGN009'),
('MSC010', 'MX010', 'MK010', '2024-01-10', 'MGN010'),
('MSC011', 'MX011', 'MK011', '2024-01-11', 'MGN011'),
('MSC012', 'MX012', 'MK012', '2024-01-12', 'MGN012'),
('MSC013', 'MX013', 'MK013', '2024-01-13', 'MGN013'),
('MSC014', 'MX014', 'MK014', '2024-01-14', 'MGN014'),
('MSC015', 'MX015', 'MK015', '2024-01-15', 'MGN015'),
('MSC016', 'MX016', 'MK016', '2024-01-16', 'MGN016'),
('MSC017', 'MX017', 'MK017', '2024-01-17', 'MGN017'),
('MSC018', 'MX018', 'MK018', '2024-01-18', 'MGN018'),
('MSC019', 'MX019', 'MK019', '2024-01-19', 'MGN019'),
('MSC020', 'MX020', 'MK020', '2024-01-20', 'MGN020'),
('MSC021', 'MX021', 'MK021', '2024-01-21', 'MGN021'),
('MSC022', 'MX022', 'MK022', '2024-01-22', 'MGN022'),
('MSC023', 'MX023', 'MK023', '2024-01-23', 'MGN023'),
('MSC024', 'MX024', 'MK024', '2024-01-24', 'MGN024'),
('MSC025', 'MX025', 'MK025', '2024-01-25', 'MGN025'),
('MSC026', 'MX026', 'MK026', '2024-01-26', 'MGN026'),
('MSC027', 'MX027', 'MK027', '2024-01-27', 'MGN027'),
('MSC028', 'MX028', 'MK028', '2024-01-28', 'MGN028'),
('MSC029', 'MX029', 'MK029', '2024-01-29', 'MGN029'),
('MSC030', 'MX030', 'MK030', '2024-01-30', 'MGN030'),
('MSC031', 'MX031', 'MK031', '2024-01-31', 'MGN031'),
('MSC032', 'MX032', 'MK032', '2024-02-01', 'MGN032'),
('MSC033', 'MX033', 'MK033', '2024-02-02', 'MGN033'),
('MSC034', 'MX034', 'MK034', '2024-02-03', 'MGN034'),
('MSC035', 'MX035', 'MK035', '2024-02-04', 'MGN035'),
('MSC036', 'MX036', 'MK036', '2024-02-05', 'MGN036'),
('MSC037', 'MX037', 'MK037', '2024-02-06', 'MGN037'),
('MSC038', 'MX038', 'MK038', '2024-02-07', 'MGN038'),
('MSC039', 'MX039', 'MK039', '2024-02-08', 'MGN039'),
('MSC040', 'MX040', 'MK040', '2024-02-09', 'MGN040'),
('MSC041', 'MX041', 'MK041', '2024-02-10', 'MGN041'),
('MSC042', 'MX042', 'MK042', '2024-02-11', 'MGN042'),
('MSC043', 'MX043', 'MK043', '2024-02-12', 'MGN043'),
('MSC044', 'MX044', 'MK044', '2024-02-13', 'MGN044'),
('MSC045', 'MX045', 'MK045', '2024-02-14', 'MGN045'),
('MSC046', 'MX046', 'MK046', '2024-02-15', 'MGN046'),
('MSC047', 'MX047', 'MK047', '2024-02-16', 'MGN047'),
('MSC048', 'MX048', 'MK048', '2024-02-17', 'MGN048'),
('MSC049', 'MX049', 'MK049', '2024-02-18', 'MGN049'),
('MSC050', 'MX050', 'MK050', '2024-02-19', 'MGN050'),
('MSC051', 'MX051', 'MK051', '2024-02-20', 'MGN051'),
('MSC052', 'MX052', 'MK052', '2024-02-21', 'MGN052'),
('MSC053', 'MX053', 'MK053', '2024-02-22', 'MGN053'),
('MSC054', 'MX054', 'MK054', '2024-02-23', 'MGN054'),
('MSC055', 'MX055', 'MK055', '2024-02-24', 'MGN055'),
('MSC056', 'MX056', 'MK056', '2024-02-25', 'MGN056'),
('MSC057', 'MX057', 'MK057', '2024-02-26', 'MGN057'),
('MSC058', 'MX058', 'MK058', '2024-02-27', 'MGN058'),
('MSC059', 'MX059', 'MK059', '2024-02-28', 'MGN059'),
('MSC060', 'MX060', 'MK060', '2024-02-29', 'MGN060'),
('MSC061', 'MX061', 'MK061', '2024-03-01', 'MGN061'),
('MSC062', 'MX062', 'MK062', '2024-03-02', 'MGN062'),
('MSC063', 'MX063', 'MK063', '2024-03-03', 'MGN063'),
('MSC064', 'MX064', 'MK064', '2024-03-04', 'MGN064'),
('MSC065', 'MX065', 'MK065', '2024-03-05', 'MGN065'),
('MSC066', 'MX066', 'MK066', '2024-03-06', 'MGN066'),
('MSC067', 'MX067', 'MK067', '2024-03-07', 'MGN067'),
('MSC068', 'MX068', 'MK068', '2024-03-08', 'MGN068'),
('MSC069', 'MX069', 'MK069', '2024-03-09', 'MGN069'),
('MSC070', 'MX070', 'MK070', '2024-03-10', 'MGN070'),
('MSC071', 'MX071', 'MK071', '2024-03-11', 'MGN071'),
('MSC072', 'MX072', 'MK072', '2024-03-12', 'MGN072'),
('MSC073', 'MX073', 'MK073', '2024-03-13', 'MGN073'),
('MSC074', 'MX074', 'MK074', '2024-03-14', 'MGN074'),
('MSC075', 'MX075', 'MK075', '2024-03-15', 'MGN075'),
('MSC076', 'MX076', 'MK076', '2024-03-16', 'MGN076'),
('MSC077', 'MX077', 'MK077', '2024-03-17', 'MGN077'),
('MSC078', 'MX078', 'MK078', '2024-03-18', 'MGN078'),
('MSC079', 'MX079', 'MK079', '2024-03-19', 'MGN079'),
('MSC080', 'MX080', 'MK080', '2024-03-20', 'MGN080'),
('MSC081', 'MX081', 'MK081', '2024-03-21', 'MGN081'),
('MSC082', 'MX082', 'MK082', '2024-03-22', 'MGN082'),
('MSC083', 'MX083', 'MK083', '2024-03-23', 'MGN083'),
('MSC084', 'MX084', 'MK084', '2024-03-24', 'MGN084'),
('MSC085', 'MX085', 'MK085', '2024-03-25', 'MGN085'),
('MSC086', 'MX086', 'MK086', '2024-03-26', 'MGN086'),
('MSC087', 'MX087', 'MK087', '2024-03-27', 'MGN087'),
('MSC088', 'MX088', 'MK088', '2024-03-28', 'MGN088'),
('MSC089', 'MX089', 'MK089', '2024-03-29', 'MGN089'),
('MSC090', 'MX090', 'MK090', '2024-03-30', 'MGN090'),
('MSC091', 'MX091', 'MK091', '2024-03-31', 'MGN091'),
('MSC092', 'MX092', 'MK092', '2024-04-01', 'MGN092'),
('MSC093', 'MX093', 'MK093', '2024-04-02', 'MGN093'),
('MSC094', 'MX094', 'MK094', '2024-04-03', 'MGN094'),
('MSC095', 'MX095', 'MK095', '2024-04-04', 'MGN095'),
('MSC096', 'MX096', 'MK096', '2024-04-05', 'MGN096'),
('MSC097', 'MX097', 'MK097', '2024-04-06', 'MGN097'),
('MSC098', 'MX098', 'MK098', '2024-04-07', 'MGN098'),
('MSC099', 'MX099', 'MK099', '2024-04-08', 'MGN099');


USE [QLSuaXe]
GO

/****** Object:  Table [dbo].[HOADON]    Script Date: 10/10/2024 8:49:07 PM ******/
SET ANSI_NULLS ON
GO

SET QUOTED_IDENTIFIER ON
GO

CREATE TABLE [dbo].[HOADON](
	[MaHoaDon] [nvarchar](10) NOT NULL,
	[MaNhanVien] [nvarchar](10) NOT NULL,
	[MaPhuTung] [nvarchar](10) NOT NULL,
	[MaSuaChua] [nvarchar](10) NOT NULL,
	[NgayIn] [date] NOT NULL,
	[GiaiPhap] [nvarchar](100) NOT NULL,
	[SoLuong] [int] NULL,
	[TongTien] [money] NULL,
PRIMARY KEY CLUSTERED 
(
	[MaHoaDon] ASC,
	[MaPhuTung] ASC
)WITH (PAD_INDEX = OFF, STATISTICS_NORECOMPUTE = OFF, IGNORE_DUP_KEY = OFF, ALLOW_ROW_LOCKS = ON, ALLOW_PAGE_LOCKS = ON, OPTIMIZE_FOR_SEQUENTIAL_KEY = OFF) ON [PRIMARY]
) ON [PRIMARY]
GO

ALTER TABLE [dbo].[HOADON]  WITH CHECK ADD  CONSTRAINT [FK_HOADON_YEUCAUSUACHUA] FOREIGN KEY([MaSuaChua])
REFERENCES [dbo].[YEUCAUSUACHUA] ([MaSuaChua])
GO

ALTER TABLE [dbo].[HOADON] CHECK CONSTRAINT [FK_HOADON_YEUCAUSUACHUA]
GO